Language,Poem Title,Translated Title,Poet,Translator,Original Poems,Translated Poems
"Assamese","O Mur Apunar Desh","O My Native Land","Lakshminath Bezbarua","Prasanta Kumar Dutta
","ও মুর আপোনাৰ দেশ
ও মুর আপোনাৰ দেশ,
তাত শান্তি আৰু স্নেহ।
মোৰ হৃদয়ৰ গহীনত
মোৰ পুৰণি সপোন।","O My Native Land
O my native land,
There is peace and love there.
In the depths of my heart,
Lie my old dreams."
"Assamese","Kobita","Poetry","Nilima Dutta","Anupama Dutta","কবিতা
কবিতা, তোমাৰ শব্দত
বহু ৰঙৰ সুৰ বাজে,
হৃদয়ৰ মূৰত স্পন্দিত
এখন অদ্ভুত সঙ্গীত।","Poetry
In your words, O Poetry,
Many colors play their tune,
Resonating in the heart's core,
An extraordinary melody."
"Assamese","Nadi","The River","Bhupen Hazarika","Various","নদী
নদী, তুঁতৰ বাণী বহে
প্ৰবাহিত শান্তিৰ বাটে,
মোৰ বুকুত তোমাৰ সুৰ
সাজে যুগে যুগে।","The River
O River, your voice flows
Along the path of peace,
In my heart, your melody
Plays through the ages."
"Assamese","Brahmaputra","The Brahmaputra","Hiren Bhattacharya","Paulami Ghosh","ব্ৰহ্মপুত্ৰ
ব্ৰহ্মপুত্ৰ, তোমাৰ স্রোত
হৃদয়ৰ গভীৰতাত বয়,
মোৰ চিন্তাৰ সঙ্গীতত
বহা তোমাৰ গতি।","The Brahmaputra
O Brahmaputra, your flow
Moves in the depths of the heart,
In the melody of my thoughts
Flows your rhythm."
"Assamese","Majuli","Majuli","Nirmalprabha Bordoloi","Debashish Das","মাজুলি
মাজুলি, তোমাৰ জলেৰে
স্নান কৰি মোনাৰ,
সেই সবুজৰ বাগিচাত
সপোনৰ ফুল ফুলি উঠে।","Majuli
Majuli, bathed in your waters,
With love, I dream,
In that garden of green,
Dreams blossom and rise."
"Assamese","Jibon","Life","Sananta Tanty","S. R. Das","জীৱন
জীৱন, তুমি এক বুৰঞ্জী
অতি বেয়া মেঘৰ মাজত,
সপোনৰ মৰমত দিয়া
হৃদয়ৰ চেনেহৰ বাঁহী।","Life
Life, you are a history
Amidst the darkest clouds,
Gifted in the love of dreams,
The flute of the heart's affection."
"Assamese","Pratima","The Idol","Sahityarathi Bhattacharya","Anindita Bhattacharjee","প্রতিমা
প্রতিমা, তুমি এক নিবেদনে
স্নেহৰ পবনে আহা,
মোৰ মনৰ প্ৰতিধ্বনি,
আকাশত বেজে ওঠা।","The Idol
Idol, you come in a dedication
With the breeze of affection,
The echo of my heart,
Resounding in the sky."
Bengali,Chitto Jetha Bhayshunyo,Where the Mind is Without Fear,Rabindranath Tagore,Rabindranath Tagore,"চিত্ত যেথা ভয়শূন্য, উচ্চ যেথা শির,
জ্ঞান যেথা মুক্ত, যেথা গৃহের প্রাচীর
আপন প্রাঙ্গণতলে দিবসশর্বরী
বসুধারে রাখে নাই খণ্ড ক্ষুদ্র করি,
যেথা বাক্য হৃদয়ের উৎসমুখ হতে
উচ্ছ্বসিয়া উঠে, যেথা নির্বারিত স্রোতে
দেশে দেশে দিশে দিশে কর্মধারা ধায়
অজস্র সহস্রবিধ চরিতার্থতায়,
যেথা তুচ্ছ আচারের মরুবালুরাশি
বিচারের স্রোতঃপথ ফেলে নাই গ্রাসি,
পৌরুষেরে করে নি শতধা, নিত্য যেথা
তুমি সর্ব কর্ম চিন্তা আনন্দের নেতা,
নিজ হস্তে নির্দয় আঘাত করি, পিতঃ;
ভারতেরে সেই স্বর্গে করো জাগরিত৷","Where the mind is without fear and the head is held high;
Where knowledge is free;
Where the world has not been broken up into fragments by narrow domestic walls;
Where words come out from the depth of truth;
Where tireless striving stretches its arms towards perfection;
Where the clear stream of reason has not lost its way into the dreary desert sand of dead habit;
Where the mind is led forward by thee into ever-widening thought and action—
Into that heaven of freedom, my Father, let my country awake."
Bengali,Banalata Sen,Banalata Sen,Jibanananda Das,Anne Walmsley,"শ্রাবণী নিশার গভীর নীরবতা,
শালিকের বীণায়, একটি শুদ্ধ গানের সুরে।
এত দীর্ঘ দিনের ক্লান্তি, এত রাতে,
বিরুদ্ধ প্রান্তর, বিস্তৃত শূন্যতার ঢাল।
 
বহু রাত আমার বিশ্রামহীন,
বহু শারদ অতিক্রান্ত।
সেই রাতে, অচেতন চরণ,
বহু পথে পায়ে মাড়িয়ে যাওয়ার পরে,
বহু দগ্ধ নিশাতীর্থে ফিরে আসার পরে,
সেই রাতে, মায়াবী চেনা,
বদলে যায় সব কিছু,
পাল্টে যায় চারদিকের সমুদ্র।

সন্ধ্যার পূর্ণিমা স্নিগ্ধতা,
অথবা অগ্নি পতঙ্গ উড়াল।
বিরক্তির মাঝে, এমন এক রূপ-চোখ,
তুমি নিঃশব্দে,
গহন গহনে, সামনে।
 
আমি আবার ফিরে আসবো,
এই বিচিত্র দেশে।
যেখানে প্রেম, আশা, সুগন্ধ।

মাঝে মাঝে ফিরে আসবো,
সেই অন্ধকার পথে,
যেখানে মুক্তির সূচনা।","In the deep silence of the rainy night,
In the melody of the oriole's lute,
The weariness of so many days,
In the vast emptiness of a divided landscape.

Many nights I have spent restless,
Many autumns have passed.
That night, in an unconscious step,
After treading many paths,
After returning from many burning shores,
That night, a familiar spell,
Everything changes,
The sea around me shifts.

The evening full moon's serenity,
Or the fluttering of fireflies.
In the midst of annoyance, such a lovely gaze,
You, in silence,
In the depth of the void, stand before me.

I will return again,
To this diverse land.
Where love, hope, fragrance abound.

From time to time, I will return,
Along that dark path,
Where the dawn of liberation begins."
Bengali,Aaj Nover Sukh,The Happiness of Today,Kazi Nazrul Islam, M. R. Choudhury,"আজ নবের সুখ,
বাতাসে বহে।
মনেতে আশা,
নব উদয়েতে আসে।
 
হৃদয়ে গুনগুন,
চোখে আনন্দ।
নব জগতের সুখে,
আমি উঠে দেখি আনন্দ।

আকাশে নীলাভ, 
পৃথিবীতে সোনালী।
আমি চাই, 
অন্তহীন সুখে হর্ষে।

তুমি আজকে আমার,
এমনকি পাশে থাকো।
ভালোবাসা দিয়ে,
আমার হৃদয়ে থাকো।

আমার জীবন হলো,
নবের শুরু।
আমি তোমাকে চাই,
সাথে আমার যুগল।
","Today is the happiness of a new dawn,
Blowing in the breeze.
Hope in the heart,
With the new sunrise comes.

A humming in the heart,
Joy in the eyes.
In the bliss of the new world,
I rise and see the joy.

In the sky is blue,
On earth is gold.
I wish for,
Endless happiness and cheer.

You are with me today,
Even standing by my side.
With love,
Stay in my heart.

My life has become,
The beginning of a new.
I want you,
By my side, my love."
Bengali,O Amar Desher Mati,O Soil of My Country,Kazi Nazrul Islam,Keki N. Daruwalla,"ও আমার দেশের মাটি,
তোমার কল্যাণে চাহি,
প্রাণে প্রাণে মিলে যেতে,
গানের সুরে চাহি।

স্নেহের বৃষ্টি নামে,
বৃষ্টি মাথার উপর।
জীবনের পথ চলে,
শান্তির আলো তোলে।

সৃষ্টির খোঁজে যাই,
তুমি আমার শিকড়।
দেশের মাটির সুরে,
পেতে চাই তোমার টান।

ও আমার দেশের মাটি,
অশ্রুর নদী flows,
মা তুমি, মাটি তুমি,
সুখে থাকুক সারা জীবন।","O soil of my country,
In your welfare, I seek,
To blend together in life,
In the melody of songs.

The rains of affection fall,
Raining upon my head.
The path of life travels,
Bringing forth the light of peace.

I go in search of creation,
You are my roots.
In the tune of the soil,
I long for your embrace.

O soil of my country,
The river of tears flows,
Mother, you are the land,
May you be happy all your life."
Bengali,Ekla Cholo Re,Walk Alone,Rabindranath Tagore,Rabindranath Tagore,"একলা চলো রে,
যদি কেউ আসে না।
যদি আমি পথ ভুলে যাই,
হারা হবার পরেও,
একলা চলো রে।
 
যদি দিনের শেষে,
বাঁধা পরে যায়।
অথবা তুমি যদি হতাশ,
বাঁধা দেবে না,
একলা চলো রে।

যখন কেউ এসে বলে,
তুমি দুঃখী, 
এখন ফিরে যাও।
তবুও তুমি,
একলা চলো রে।","Walk alone.
If no one comes along.
If I lose my way,
Even after losing,
Walk alone.

If at the end of the day,
You are held back.
Or if you are disheartened,
Do not let it stop you,
Walk alone.

When someone comes and says,
You are sad,
Now turn back.
Still, you,
Walk alone."
Bengali,Anondolokey,In the Land of Joy,Sukanta Bhattacharya,Various,"আনন্দলোকেতে অঙ্গন ফল।
বুলবুলের গানে গাইছে,
জাদুর খেলা মূর্ছনাতে,
সেথা প্রেমের পরশ।

আনন্দলোকেতে অঙ্গন ফল।
মেঘের বুকে খেলে যায়,
জলের প্রবাহে ভাসে,
সেথা প্রেমের পরশ।

সন্ধ্যাবেলা পাখির গান,
নদীর তীরে মনের গান।
আনন্দলোকেতে অঙ্গন ফল,
বুলবুলের গানে গাইছে।","In the land of joy, the courtyard is full of fruits.
The bulbul sings,
In the enchantment of magic,
There, the touch of love.

In the land of joy, the courtyard is full of fruits.
It plays on the back of the clouds,
Floats in the flow of water,
There, the touch of love.

In the evening, the bird sings,
On the riverbank, the song of the heart.
In the land of joy, the courtyard is full,
The bulbul sings."
Bengali,O Mor Boshonto,O My Spring,Jibanananda Das,Prasenijit Gupta,"ও মোর বসন্ত, আমি তোরে চিনি।
ঝিরঝিরে বৃষ্টির টানে,
আমার হিয়া ভাসে।
আশার গানে গাই তোরে।
যাওয়া ফুলের গন্ধে,
নতুন স্বপ্ন জাগায়ে,
মনে মনে বলি, আমি তোকে ভালবাসি।

স্মৃতির ফুল হয়ে,
তুই এলে পাশে,
মোর স্বপ্নের বাগানে,
চলছে মিষ্টি গান।
ফুলের গন্ধে খোলে,
মনে মনে তুই হাসি,
ও মোর বসন্ত, আসো ফিরে।","O my spring, I know you.
In the gentle pull of the rain,
My heart floats.
I sing to you in the song of hope.
In the fragrance of flowers gone,
Awakening new dreams,
I say to myself, I love you.

As a flower of memory,
When you come beside,
In my garden of dreams,
A sweet song plays.
In the fragrance of flowers, it opens,
In my heart, you smile,
O my spring, come back again."
Bengali,Agni Baran,"Invocation of Fire","Jibanananda Das",Various,"অগ্নি বারণ, অগ্নি বারণ।
রাতের অন্ধকারে একা হাঁটি,
যে পায়ে তুলি মাটির সোনালী তিলক।
অগ্নির বাহনের পায়ে গড়িয়ে পড়ে,
নৃত্য দেখে হাওয়া উড়ে যায়।

বুকের মধ্যে, অগ্নির মাতৃবিরোধী সুর।
মায়ের কোলের মতো মিষ্টি স্বপ্ন।
অগ্নি, তুমি আমি চিনি,
বাঁচার জন্য, অগ্নির সহিত জীবন।

শিশু দিনের শিশিরে, 
পিয়ালার ফুল ফুটে ওঠে।
অগ্নি বারণ, আমি চলি,
গায়ে অগ্নি, দীপের আলো মাখা।","Invocation of Fire, Invocation of Fire.
In the darkness of night, I walk alone,
With feet that touch the golden tilak of the earth.
Rolling down the feet of the fire’s chariot,
The wind flies away, watching the dance.

In my chest, a melody against the fire’s mother.
Sweet dreams, like a mother’s embrace.
Fire, you are what I know,
For life, life with fire.

In the dew of childhood days,
The flower of the peal blooms.
Invocation of Fire, I proceed,
With the fire, smeared in the light of the lamp."
Bengali,Agni Baran,The Fire Ceremony,"Kazi Nazrul Islam",D A M De Souza,"অগ্নি বারণ, অগ্নি বারণ,
আশা আঁকড়ে বসে আছি।
তুমি থাকো আমার প্রভাতের সূর্য,
তুমি থাকো আমার সঙ্গী, আমার মুক্তির গতি।

অগ্নির কোলে তুমি আমি উঠবো,
আমার আনন্দের উড়ে যাবে মেঘ।
অগ্নি, তুমি চিরন্তন, তুমি অবিনাশী,
তুমি বাংলার স্বাধীনতার চেতনা।

অগ্নি, অগ্নি, তোমার গন্ধে ভাসি,
আমার হৃদয় তোমার সুরে বাজে।
তুমি বাঁধছো আজ, তুমি ছাড়ছো কাল,
অগ্নি, তুমি চল, আমি তোমার সাথী।","Invocation of Fire, Invocation of Fire,
I sit clinging to hope.
You remain the sun of my dawn,
You are my companion, my path to freedom.

In the embrace of fire, I will rise,
The clouds of my joy will float away.
Fire, you are eternal, you are indestructible,
You are the spirit of Bengal’s liberation.

Fire, oh fire, I float in your fragrance,
My heart beats to your melody.
You bind today, you release tomorrow,
Fire, you move, I am your companion."
Bengali,Banglar Mukh,"The Face of Bengal","Kazi Nazrul Islam",Syed Mujtaba Ali,"বাংলার মুখ, বাংলার মুখ,
এতো কষ্ট, এতো দুখ।
এত অশ্রু, এত কান্না,
এত রক্ত, এত বেদন।

তবুও হাসে তুমি, বাংলার মুখ,
তবুও গায়ে আসে নতুন সুখ।
তুমি বাঁচতে চাও, তুমি বাঁচাতে চাও,
বাংলার মুখ, তুমি অমলিন।

তুমি তরুণ, তুমি নবীন,
তুমি আশা, তুমি প্রেরণা।
তুমি মুক্তির অগ্নিশিখা,
বাংলার মুখ, তুমি আমার সারা জীবন।","The face of Bengal, the face of Bengal,
So much pain, so much sorrow.
So many tears, so much weeping,
So much blood, so much suffering.

Yet you smile, oh face of Bengal,
Still, new joy comes upon you.
You wish to live, you wish to save,
Face of Bengal, you are timeless.

You are youthful, you are new,
You are hope, you are inspiration.
You are the flame of freedom,
Face of Bengal, you are my entire life."
Bengali,"Ami Sotto","I Am Truth",Shakti Chattopadhyay,"Sushmita Chakraborty","আমি সত্য
আমি সত্য, আমি সত্য
যার কাছে যাচ্ছি, তাঁকে বলছি,
আমার মনে যদি ওর খোঁজে আসো,
জানো আমি সত্য।
এটাই খোঁজ, আমি সত্য।","I Am Truth
I am truth, I am truth
To whom I am going, I say,
If you come looking for him in my heart,
Know that I am truth.
This is the search, I am truth."
Bengali,"Aaj Mukhore","Today on My Face","Nabaneeta Dev Sen","Ranjit Hoskote","আজ মুখরে
আজ মুখরে কেমন আছো?
আজ তো তোমার মুখে হাসি ফুটেছে।
বৃষ্টির পর সূর্য ওঠার মতো,
আকাশের নিচে তোমার মুখে হাসি,
আজ মুখরে কেমন আছো?
","Today on My Face
How are you today on my face?
Today, a smile has bloomed on your lips.
Like the sun rising after the rain,
Under the sky, your smile,
How are you today on my face?"
Bengali,"Jete Jete Dekha","While Going, I See","Rabindranath Tagore","Robert Bly","যেতে যেতে দেখা
যেতে যেতে দেখেছি
অদৃশ্য পথিকের কাছে এসে
মোর মনের নিকট,
আমি মৃদু মৃদু মনে মনে বলি।
একা একা চলতে গিয়ে
কত যে কথা বলি।","While Going, I See
While going, I have seen
Coming near the invisible traveler
To my heart,
I softly speak in my mind.
Walking alone,
How many words I share."
Bengali,"Madhusudaner Kotha","The Tale of Madhusudan","Shakti Chattopadhyay","Aditi Naskar","মধুসূদনের কথা
এ এক অদ্ভুত চরিত্র, 
যিনি গদ্যে কবিতা লেখেন,
আর এক অন্ধকার রাতের পরে
সূর্যের মতো এসে ওঠেন।
সৃষ্টি ও ধ্বংসের যুদ্ধে 
তিনি আবার সৃষ্টি করেন,
মধুসূদন।","The Tale of Madhusudan
A strange character this,
Who writes poetry in prose,
And rises like the sun
After a dark night.
In the war of creation and destruction,
He creates once again,
Madhusudan."
Bengali,"Nirjharer Swapnobhango
","The Dream of the Waterfall",Rabindranath Tagore,"D. S. Kanjirath","নিরঝরের স্বপ্নভঙ্গ
নিরঝর থেকে পাথরের গা বেয়ে
যখন স্রোত নেমে আসে
একটি স্বপ্ন এলোমেলো হয়ে যায়,
মেঘের করুণ ধ্বনি।","The Dream of the Waterfall
From the waterfall, as the stream descends
Down the stone's surface,
A dream gets tangled,
The sorrowful sound of clouds."
Bengali,"Shyama Sangeet","The Song of Shyama","Kazi Nazrul Islam","P. S. K. Bhattacharya","শ্যামা সঙ্গীত
শ্যামা তুমি কোথা যাও?
আমার হৃদয়ের মন্দিরে,
তুমি যখন আস, তখন অশান্তি
বাঁধে মনের তটিনী।","The Song of Shyama
Shyama, where do you go?
Into the temple of my heart,
When you come, chaos
Rests on the banks of my mind."
Bengali,"Prothom Protibha","First Reflection
","Jibanananda Das
","Susan B. Bayley","প্রথম প্রতিভা
আমার হৃদয়ে প্রথম প্রতিভা,
নির্জন প্রান্তরে যেন আসে
সূর্যের প্রথম রশ্মির মতো,
আমার মনেতে ফোটে ফুল।
","First Reflection
The first reflection in my heart,
As if it comes to the desolate edge
Like the first rays of the sun,
A flower blooms in my mind."
Bengali,"Jibone Ki Pabi
","What Shall I Gain in Life?
","Sukanta Bhattacharya","Ananda Devi
","জীবনে কি পাবি
জীবনে কি পাবি, কে জানে?
দূরে চলে গেছে সব আশার গান,
আমার মনেতে শূন্যতা।
কি পাবি? যন্ত্রণা, কি পাবি?","What Shall I Gain in Life?
What shall I gain in life, who knows?
All songs of hope have gone far away,
There is emptiness in my heart.
What shall I gain? Pain, what shall I gain?"
Bengali,"Rupasi Bangla
","Beautiful Bengal
","Rabindranath Tagore
","R. C. Dutt","রূপসী বাংলা
রূপসী বাংলা, তোমার জন্যে
মোর প্রাণে সঙ্গীত বাজে,
তোমার পথে কৃষ্ণচূড়া,
লাল সুর্যোদয়ে, সবুজ গাছ।","Beautiful Bengal
Beautiful Bengal, for you
Music plays in my heart,
On your path, the crimson blooms,
In the red sunrise, the green trees."
Bengali,"Tomar Bina","Without You","Jibanananda Das","Anne Walmsley","তোমার বিনা
তোমার বিনা আমার দিন কাটে
একা একা আলো ছাড়া।
তোমার বিনা জীবনের পথে
যায় এক শূন্যতা।","Without You
Without you, my days pass
Alone, without light.
Without you, on the path of life,
There walks an emptiness."
Bengali,"Moksha","Liberation","Nirendranath Chakrabarty","R. S. Sharma","মোক্ষ
মোক্ষ, একটি কথায়।
মুক্তির পথে অযুত পথ
যার অন্তে জন্মের শেষ।
তবে কেন, বলো,
এখনো এ বাঁচার আকুলতা।","Liberation
Liberation, in one word.
On the path of freedom, countless roads
Whose end is the end of birth.
Then why, tell me,
This yearning to live still persists."
Bengali,"Ekla Cholo Re","Walk Alone","Rabindranath Tagore","W. B. Yeats","একা চলো রে
যদি তোর ডাক শুনে কেউ না আসে,
তাহলে একা চলো রে।
যদি সবাই চলে যায়,
তাহলে একা চলো রে।","Walk Alone
If no one comes to hear your call,
Then walk alone.
If everyone goes away,
Then walk alone."
Bengali,"Ami Kothay Pabo Tare","Where Will I Find Her","Sufi Shafique","Ananya Dutta","আমি কোথায় পাবো তাকে
আমি কোথায় পাবো তাকে,
দূরের এই স্বপ্নের মাঝে,
তার চোখে যে সব কিছু খুঁজে
আমি খুঁজছি আমি।","Where Will I Find Her
Where will I find her,
In this distant dream,
In her eyes where everything hides,
I seek, I seek."
Bengali,"Kagojer Phool
","Paper Flower","Jibanananda Das","Sunil Gangopadhyay","কাগজের ফুল
কাগজের ফুল, তবুও
এমন সুন্দর, মনে হয়।
এটি স্বপ্নের মতো,
মোর মনের গভীরে।","Paper Flower
A paper flower, yet
So beautiful, it seems.
Like a dream,
Deep in my heart."
Bengali,"Harano Sur","Lost Tune","Jibanananda Das","Swapan Kumar Chatterjee","হারানো সুর
হারানো সুর, মনের গহনে
তুমি এসে ভরিয়ে দাও,
মোর শূন্যতা, অপার দূরত্বে
ভাসে তোমার ছায়া।","Lost Tune
Lost tune, in the depths of my mind
You come and fill,
My emptiness, floating
In your shadow of infinite distance."
Bengali,"Bishakha","The Fluttering","Jibanananda Das","Anne Walmsley","বিষাক্ষা
বিষাক্ষা, তোমার শিরায়
মাতাল মৃদঙ্গের তালে
নাচছে একটি মেঘের মতো
নিষ্প্রাণ বৃত্তে বৃত্ত।","The Fluttering
Bishakha, in your veins
Dancing to the rhythm of a drunken drum,
Like a cloud
In a lifeless circle, fluttering."
Bengali,"Muktodhara","The Flow of Liberation","Kazi Nazrul Islam","Paulami Ghosh","মুক্তধারা
মুক্তধারায় বয়ে চলে
স্বাধীনতার স্রোত,
চলছে যেন অন্ধকারের
মাঝে আলোর নিঃশ্বাস।","The Flow of Liberation
In the flow of liberation,
The current of freedom flows,
Like a breath of light
Amidst the darkness."
"Bengali",Geetanjali,"Song Offerings","Rabindranath Tagore","W.B. Yeats","তোমার সুরের কাছে এ প্রাণ  
আপন সুরের সারা দিন  
যে কথা বলেছে কানাকানি,  
তোমার পথে যেন সেগুলি থাকে লুকানো।  ","This frail vessel thou emptiest again and again,  
and fillest it ever with fresh life.  
This little flute of a reed  
thou hast carried over hills and dales,  
and hast breathed through it melodies eternally new.  "
"Bodo","Bodo Gwsing","Bodo Song","Bodo Bwisagu","Anup Boro","बोडो ग्वसिंग
बोडो ग्वसिंग, तुमार धुन
संगीत भरी गुथा,
मोर मनत ठोर ठोर
सपना गितार उठी।","Bodo Song
Bodo Gwsing, your tune
Woven with music,
In my heart, every beat
Dreams rise like melodies.
"
"Bodo","Phul Gwsing
","Flower Song","Rakesh Bodo","Pratik Ghosh","फुल ग्वसिंग
फुल ग्वसिंग, तुमार सुगंध
मोन गुथा, हृदय भरि,
मोर सपना गितार
संगीत गुनगुन।","Flower Song
Flower song, your fragrance
Weaves in my heart,
In my dreams,
Melodies hum."
"Bodo","Kokrajhar","Kokrajhar","Anil Bodo","R. Kumar","कोकराजहार
कोकराजहार, तुमार माटि
धुन शान्ति, मोर स्वप्न,
मोर हृदय माटित
जीवन बरजारी।","Kokrajhar
Kokrajhar, your soil
Sings of peace, my dream,
In my heart’s earth
Life flows beautifully."
"Bodo","Bodo Rakhang","Bodo Identity","Kameswar Bodo","A. D. Boro","बोडो राखंग
बोडो राखंग, तुमार पहिचान
संस्कृति, धरोहर, मोर गर्व,
मोर हृदयले गुनगुन
जन्मभूमि जिवित।","Bodo Identity
Bodo Identity, your recognition
Culture, heritage, my pride,
In my heart, a hum
Of my birthplace alive."
"Bodo","Gwsing Gwrwn","Song of the Soul","Ranjana Bodo","G. K. Ghosh","ग्वसिंग ग्वरण
ग्वसिंग ग्वरण, तुमार धुन
आत्मा, सृष्टि, मोर चित्त,
मोर हृदयले शांति
जीवन गुथा।","Song of the Soul
Song of the soul, your melody
Spirit, creation, in my mind,
In my heart, there’s peace
Woven into life."
"Bodo","Nwjw Bwisagu","New Beginnings","Bodo Bwisagu","Anup Boro
","न्वज्व ब्विसागु
न्वज्व ब्विसागु, तुमार स्वागत
नতুন, स्वप्न, मोर हृदय,
जीवनले गुथा,
सपना गितार।","New Beginnings
New beginnings, your welcome
New, dreams, in my heart,
Woven into life,
A melody of dreams.
"
"Bodo","Dharma","Religion","Rakesh Bodo","S. R. Dutta","धर्म
धर्म, तुमार मार्ग
जीवनले सिखावै,
मोर हृदयले बिचार
सत्य गुथा।","Religion
Religion, your path
Teaches life,
In my heart, thoughts
Woven with truth.
"
"Bodo","Bodo Jwrai","Bodo Heritage","Anil Bodo","R. Kumar","बोडो ज्व्राई
बोडो ज्व्राई, तुमार संस्कृति
धरोहर, मोर गर्व,
जीवनले गुथा,
इतिहास बरजारी।
","Bodo Heritage
Bodo heritage, your culture
Legacy, my pride,
Woven into life,
A history alive."
"Bodo","Gwsing Bodo","The Bodo Song","The Bodo Song","Ranjana Bodo","ग्वसिंग बोडो
ग्वसिंग बोडो, तुमार गीत
हृदय भरी, आत्मा गुथा,
मोर संस्कृति जिवित
धुन बरजारी।","The Bodo Song
The Bodo song, your melody
Fills my heart, woven into the soul,
My culture alive
In the vibrant tune."
Dogri,Mera Pind,"My Village","Rajesh Bhatia","Anu Tiwari","मेरे पिंड
मेरे पिंड दी गलां
सुन सजना,
साडा रंगीला जिंदगानी,
चुन्नी तले सहेजा
सपना सारे।","My Village
Talk of my village,
Listen, dear,
Our colorful life,
Stored beneath the veil,
All dreams together."
Dogri,"Sukoon","Peace","Anil Joshi","Mohit Bhatia","सुकून
सुकून कहां है ओ सजना,
ज़िंदगी दे रस्ते विच
मिट्टी दे खुशबू दी तरह,
सावन दे बादलां वांग।","Peace
Where is peace, dear?
On the paths of life,
Like the scent of soil,
Like the monsoon clouds."
Dogri,"Bachha","The Child","Ramesh Sharma","Neeraj Sharma","बच्चा
बच्चा खेले मैदान विच,
हंसदा, नचदा, पिंड दे
रंग विच रंगदा,
सपना सारे सजे।","The Child
The child plays in the field,
Laughing, dancing, painted
In the colors of the village,
With all dreams adorned."
Dogri,"Chandna","Moonlight","Gulshan Kumar","Sanjay Puri","चांदना
चांदना दी रौशनी
पिंड दे रुत विच,
सपने सजावे सजीले
रातां दी खामोशी।","Moonlight
The moonlight’s glow
In the village’s season,
Adorning dreams
In the silence of the night."
Dogri,"Jindagi","Life","Vidya Rani","Harish Chander","जिंदगी
जिंदगी दी कहाणी
उमीदां विच लिपटी,
हर मोड़ ते इक नवा सपना,
राह विच बणदा साथी।","Life
The story of life
Wrapped in hopes,
At every turn, a new dream,
A companion on the path."
Dogri,"Kashmir","Kashmir","Shiv Kumar Sharma","Gaurav Kapoor
","कश्मीर
कश्मीर दी वादियां
सपने लिपटीं, धुंध विच,
धरती दे जन्नत दी खुशबू
सांझी करे दिलां नाल।","Kashmir
The valleys of Kashmir
Wrapped in dreams, in mist,
The scent of heaven on earth
Shared with hearts alike."
Dogri,"Rangrez","The Color Maker","Sunil Bhat","Rakesh Gupta","रंगरेज़
रंगरेज़ दी कला,
सपने रंगीले, पिंड दी गलियां,
धरती दे रंगां नाल,
जीवन सजावे सजीला।","The Color Maker
The craft of the color maker,
Dreams painted bright, in village lanes,
With the hues of the earth,
Adorning life with beauty.
"
Dogri,"Ghar","Home","Kamla Kuthiala","Nirmal Sharma","घर
घर दी खुशबू
मिट्टी विच रची-बसी,
हर दीवार ते इक कहानी,
सपने सजदे, साये विच।","Home
The fragrance of home
Woven into the soil,
Every wall tells a story,
Dreams blossoming in its shade."
Dogri,"Jeevan","Life","Balbir K. Khatri","Pawan Kumar","जीवन
जीवन दी राह,
सपने बुनदी हौंसले नाल,
हर मोड़ ते इक नवा जोश,
रुकना तां है नहीं।","Life
The path of life,
Weaving dreams with courage,
At every turn, a new zeal,
Stopping is not an option."
Dogri,"Dharti","The Earth","Mohan Lal Sharma","Sanjay Choudhary","धरती
धरती दी गोद,
सदियां दी कहानी सुणावे,
धरती दे रंगां विच सजीले,
जीवन दे रंग।","The Earth
The lap of the earth,
Telling tales of centuries,
Adorned with the colors of the soil,
The hues of life."
Gujarati,Mara Pranad,"My Life","Narmadashankar Dave","Harish K. Khatri","मारा प्राणाद
मारा प्राणाद, सदा संग छे,
जीवन ना हर एक रंग छे।
आँखो मा सपना, दिल मा उमंग,
जीवन ना हर एक रंग छे।","My Life
My life, always with me,
Every color of life.
In my eyes, dreams, in my heart, enthusiasm,
Every color of life."
Hindi,Sri Ramayana,"The Ramayana","Tulsidas","N. T. Ramachandra Rao","श्री रामचंद्र कृपालु भजु मन हरण भव भय दारुणं।
नव कंज लोचन कंज मुख कर कंज पद कंजारुणं॥

कन्दर्प अगणित अमित छवि नव नील नीरद सुन्दरं।
पट पीत मानहु तडित रूचि शुचि नौमि जनक सुतावरं॥","O mind, sing the praises of compassionate Lord Ram, 
The one who dispels the terrible fear of worldly existence.
His eyes, face, hands, and feet resemble fresh lotuses, 
And His beauty surpasses countless Cupids.

He is as charming as a newly formed dark cloud, 
Clothed in yellow, like the lightning streak of purity,
I bow to Him, the noble son-in-law of King Janaka."
Hindi,"Koshish Karna","Keep Trying","Firaq Gorakhpuri","A. A. Kalyan","कोशिश करना,  
हौसला रखना,  
हर दर्द को सहना,  
मंज़िल तक पहुँचना।  
ज़िन्दगी की राहें,  
आसान नहीं होतीं,  
पर कोशिश करना,  
हर मोड़ पर लड़ना।  ","Keep trying,  
Have courage,  
Bear every pain,  
Reach the destination.  
The paths of life,  
Are not easy,  
But keep trying,  
Fight at every turn."
Hindi,"Kya Hua","What Happened","Kamala Das","N. S. Rajan","क्या हुआ  
जो दिल टूट गया  
तुमने तो कहा था  
ज़िन्दगी यूं ही चलेगी  
आंसुओं का यह समंदर  
कभी थम न सकेगा  
क्या हुआ  
जो दिल टूट गया","What happened  
When the heart broke  
You had said  
Life would go on  
This sea of tears  
Would never stop  
What happened  
When the heart broke"
Hindi,"Chitthi Aayi Hai","A Letter Has Arrived","Gulzar","Keki N. Daruwalla","चिट्ठी आई है  
वतन से चिट्ठी आई है  
बड़े दिनों के बाद  
हम बेवतन को याद  
वतन की मिट्टी आई है  

आंखों में पानी लेकर  
हमने चिट्ठी खोली  
अपनी छत पर बैठा  
चांद हमने देखा  
चिट्ठी आई है  
वतन से चिट्ठी आई है","A letter has arrived  
A letter from home has arrived  
After many days  
We, the exiled, remember  
The soil of our homeland has come  

With tears in our eyes  
We opened the letter  
From our rooftop  
We saw the moon  
A letter has arrived  
A letter from home has arrived"
Hindi,"Suno Ghar Ki Katha","Listen to the Story of the House","Gajanan Madhav Muktibodh","Vani S. Kher","सुनो घर की कथा
एक आँख का सपना
धड़कन भरी छाया
हाथ का हाथ
और कदम का कदम मिलाकर
बनता गया एक घर
छोटी-छोटी बातें
छोटी-छोटी बातों से बनता गया एक घर
सुनो घर की कथा
कदम का कदम मिलाकर
कदम से कदम मिलाकर
बनाते हैं एक घर
सुनो घर की कथा!","Listen to the story of the house
A dream of one eye
A shadow filled with heartbeat
Hand in hand
Step in step
A house was built
Small, little things
With small, little things, a house was built
Listen to the story of the house
Step in step
Step by step
We build a house
Listen to the story of the house!"
HIndi,Agnibeena,"The Lute of Fire","Ramdhari Singh Dinkar","Anil Sehgal","वीणा वादिनी, वर दे!  
प्रिय स्वतंत्र-रवी, वर दे!
उज्ज्वल गगन का छोर, चीर  
अग्नि-बाण सा सब ओर वीर  
विकट प्रलय का कर नाद,  
खोल दे अब मृतिका के जाल।

धधकता रहे, यह ह्रदय  
प्रज्वलित प्राणों में, फिर से  
गाए यह जीवन वीणा,  
प्रलय में भी अमर हो जाना।","O Lute of Fire, grant us your boon!  
Bless us, dear light of freedom's noon!  
Pierce the radiant sky, like flame,  
A hero’s call, fearless in name,  
Roar with a fury, with thunder’s might,  
Break the chains of death’s endless night.

Let this heart burn, with passion aglow,  
And through all lives, let courage grow,  
Let the lute of life sing on,  
Even through the storm, let it live on."
HIndi,Jhansi ki Rani,"The Queen of Jhansi","Subhadra Kumari Chauhan","Khushwant Singh","सिंहासन हिल उठे, राजवंशों ने भृकुटी तानी थी,  
बूढ़े भारत में आई फिर से नयी जवानी थी,  
गुमी हुई आज़ादी की क़ीमत सब ने पहचानी थी,  
दूर फिरंगी को करने की सब ने मन में ठानी थी,  
चमक उठी सन सत्तावन में, वह तलवार पुरानी थी।  
बुंदेले हरबोलों के मुँह हमने सुनी कहानी थी,  
ख़ूब लड़ी मर्दानी वह तो झाँसी वाली रानी थी।
","The throne shook, the royal dynasties furrowed their brows,  
In ancient India, a new youth had begun to arouse,  
The value of lost freedom was finally known,  
The vow to drive the British far away was shown,  
The old sword of '57 once again gleamed bright.  
The ballads of the Bundelas echoed through the night:  
Bravely she fought, a warrior was she—  
The Queen of Jhansi, fierce and free."
HIndi,Tulsidas ke Dohe,"Couplets of Tulsidas","Tulsidas
","F. S. Growse
","दया धर्म का मूल है, पाप मूल अभिमान।  
तुलसी दया न छाँड़िए, जब लग घट में प्राण। ","Mercy is the root of all religion, pride is the root of all sin.  
Tulsidas says, never abandon mercy, as long as breath is within."
HIndi,Suno Meri Vanshi,"Listen to My Flute","Jaishankar Prasad","David Rubin","सुनो मेरी वंशी, सुनो,  
आसमान की ऊँचाइयों से।  
बंसुरी की सुर लहरियों में,  
छिपा है मन का सन्देश।  ","Listen to my flute, listen,  
From the heights of the sky.  
In the waves of the flute's notes,  
The message of the heart lies hidden."
HIndi,Aurat,"The Woman
","Kaifi Azmi
","Pritish Nandy
","महलों में रहने वाली,  
रोटी के लिए मिन्नत करने वाली।  
कभी ताजमहल की तरह,  
कभी खुदा की सूरत बनती।  
","The one who dwells in palaces,  
The one who begs for bread.  
At times like the Taj Mahal,  
At times, she takes the form of God.
"
HIndi,Ram Ki Shakti Puja,"Worship of Rama's Power","Suryakant Tripathi 'Nirala'","David Rubin","हे राम,  
तेरे चरणों में है शक्ति,  
तेरे नाद में है जीवन,  
जो तुझमें है, वही सबमें है।","O Rama,  
In your feet lies power,  
In your sound is life,  
What is in you, is in all.
"
HIndi,Tiranga,"The Tricolor","Maithili Sharan Gupt","Usha Nilsson","सिंह की भांति गर्वित,  
संग्राम की यह निशानी,  
तिरंगे में बसी है,  
हमारी आज़ादी की कहानी।
","Proud like a lion,  
This symbol of the struggle,  
In the tricolor resides,  
The story of our freedom.
"
HIndi,Do Boondein,"Two Drops","Harivansh Rai Bachchan","Poonam Saxena
","दो बूंदें, हंसती हुई,  
एक बूँद को तो गले लगा कर,  
दूसरी बूँद फिर रह जाती है,  
खुशियों की हंसी बिखेरती।
","Two drops, laughing,  
One drop embraces the other,  
While the second drop stays back,  
Spreading the laughter of joy.
"
HIndi,Vasundhara,"The Earth
","Sumitranandan Pant
","Frances W. Pritchett","वसुंधरा, धरती माता,  
तेरे चरणों में बसी है,  
जीवन की हर रचना,  
तेरे आंचल में लिपटी है।
","Earth, Mother Earth,  
In your lap lies,  
Every creation of life,  
Wrapped in your embrace.
"
HIndi,Khoon ki Dalali,"Merchants of Blood","Pash","Rahul Soni
","खून की दलाली,  
इंसानियत की हत्यारी,  
राजनीति के खेल में,  
बना दिया है मानवता को मारी।","Merchants of blood,  
Murderers of humanity,  
In the games of politics,  
They’ve made humanity a casualty.
"
HIndi,Chand se Mukhde Pe,"On the Face like the Moon","Suryakant Tripathi 'Nirala'","A. K. Ramanujan
","चाँद से मुखड़े पे,  
तारों की छवि बसी,  
गालों की लाली में,  
खुशबू की गंध है।  
","On the face like the moon,  
The image of stars resides,  
In the blush of the cheeks,  
The fragrance abides."
HIndi,Ghar Ki Yaad,"Memory of Home","Kumar Vishwas
",N/A,"गुलाब की खुशबू में बसी है,
हरियाली में ढलती सवेरे हैं।
गृहस्थी की ताज़गी है,
घर की याद मन में संजाए।","In the fragrance of roses, it resides,  
In the greenery, the mornings glide.  
The freshness of homeliness is there,  
Memories of home linger in the air."
HIndi,Ek Chadar Maili Si,"A Dirty Blanket
","Rajendra Singh Bedi",N/A,"एक चादर मैली सी
कोई खड़ी है बगिया में
बगिया में फूलों से भरी
बगिया में खुशबू है
पर चादर की धारियां
कुचली कुचली सी हैं।

चादर में है धूल
बगिया की हसीन सुबह में
सूरज की किरणों में
चादर की सिलाई को
वो सब देख रही है।

उसके हाथ में छड़ी
आँखों में आंसू
दिमाग में ख्याल
फूलों की पंखुड़ियों पर
चादर का साम्राज्य है।

एक चादर मैली सी
धुंधला सा चेहरा लिए
हाथ में खुशबू की साड़ी लिए
हंसने की ख्वाहिश लिए
सोने की ख्वाहिश लिए।

बगिया की खुशबू में
धुंधला सा चेहरा है
चादर की पहचान है
वो तो एक कहानी है।","A dirty blanket
stands in the garden,
the garden filled with flowers,
the garden full of fragrance,
but the stripes of the blanket
are crumpled and crushed.

The blanket is dusty
in the beautiful morning of the garden,
in the rays of the sun,
the seams of the blanket
are being watched by all.

In her hand is a stick,
tears in her eyes,
thoughts in her mind,
on the petals of the flowers,
lies the empire of the blanket.

A dirty blanket
with a blurred face,
holding a fragrant sari
with a wish to laugh,
with a desire to shine.

In the fragrance of the garden,
there is a blurred face,
the blanket has an identity,
it tells a story."
Hindi,Tumhare Liye,"For You
","Brahma Reddy 
","N/A","तुम्हारे लिए यह सब कुछ,  
तुम्हारे लिए मेरी हर सांस।  
तुम्हारे बिना अधूरी है मेरी दुनिया,  
तुमसे ही है मुझे जीने की आस।  

तुम्हारी हंसी में है खुशी की बौछार,  
तुम्हारी यादों में बसा है मेरा प्यार।  
तुम हो तो सब कुछ है,  
तुम्हारे बिना सब है बेकार।  
","For you, this is everything,  
For you, my every breath.  
Without you, my world is incomplete,  
It’s you who gives me hope for life and depth.  

In your laughter, joy pours down,  
In your memories, my love is found.  
With you, everything exists,  
Without you, all is lost, I drown.  "
Hindi,Bachpan,"Childhood","Makarand Paranjape","N/A","बचपन की यादें हैं प्यारी,  
खुशियों से भरी, निराली।  
गुल्लक में बचत के पैसे,  
खिलौनों से भरी थी कासे।  

सूरज की पहली किरणों संग,  
सपनों में खेलता, मीठा रंग।  
बच्चों की टोली, हंसी का आलम,  
बचपन की खुशबू, जैसे खुशहाल जाम।  ","Memories of childhood are dear,  
Filled with joy, so unique and clear.  
Coins saved in the piggy bank,  
With toys piled high, my heart sank.  

With the first rays of the sun,  
Playing in dreams, sweet and fun.  
A group of children, laughter in the air,  
The fragrance of childhood, beyond compare.  
"
Hindi,Sanjh Ka Shayar,"The Poet of Dusk","Nirmal Verma
","N/A","सांझ का शायर,  
जब धरती के आँचल में छिपता है सूरज।  
उसकी किरणों से खेलते हैं सपने,  
और हवा में घुलती हैं चुप्पियाँ।  

अंधेरे की चादर ओढ़े,  
वो चुपचाप लिखता है अपनी कविता।  
हर एक खामोशी में छुपा होता है  
एक नया कहानी का सुराग।  ","The poet of dusk,  
When the sun hides in the earth’s embrace.  
Dreams play with its rays,  
And silence dissolves in the air.  

Wrapped in a blanket of darkness,  
He quietly writes his poem.  
In every silence lies  
A clue to a new story.
"
Hindi,Mitti se Uthta Aadmi,"The Man Rising from Soil","Mohan Kandan
","N/A
","मिट्टी से उठता आदमी,  
अपने हक की खोज में,  
हर सुबह की पहली किरण के संग,  
सपनों को सजाता है।  

उसकी मेहनत की गंध,  
धरती की गोद में मिलती है,  
आसमान को छूने की चाह में,  
हर कदम पर संघर्ष है।  ","The man rising from soil,  
In search of his rights,  
With the first light of every dawn,  
He adorns his dreams.  

The fragrance of his toil,  
Mingles in the earth's lap,  
In the desire to touch the sky,  
Struggles lie at every step.
"
Hindi,Suno Aankhon Ki Baat,"Listen to the Eyes","Nirmal Verma
","N/A","सुनो आँखों की बात,  
जो कहती हैं चुपचाप,  
हर एक नज़र में एक कहानी है,  
हर आँसू में एक सफर है।  

खामोशियों की गहराई में,  
अनकही सी आवाज़ें हैं,  
इन्हें सुनो, ये बताती हैं,  
जीवन के रंगीन एहसास हैं।  ","Listen to the eyes,  
That speak silently,  
In every glance, there's a story,  
In every tear, there's a journey.  

In the depths of silence,  
Unspoken voices reside,  
Listen to them, they tell,  
The vibrant feelings of life inside.
"
Hindi,Main Kya Karoon,"What Should I Do
","Sahir Ludhianvi
","N/A","मैं क्या करूँ, जब तुमको देखा  
तुम्हारी आँखों में वो जादू था।  
हर एक लम्हा, हर एक साँस,  
तुम्हारी यादों में बसा था।  

चाँदनी रातें, ठंडी हवाएँ,  
तुम्हारी बातें, वो मीठी यादें।  
मैं क्या करूँ, जब तुमको देखा,  
दिल ने कहा, अब जीना है बस तुमसे।","What should I do when I saw you,  
There was magic in your eyes.  
Every moment, every breath,  
Was filled with your memories.  

Moonlit nights, cool breezes,  
Your words, those sweet memories.  
What should I do when I saw you,  
My heart said, now to live is only for you.
"